1,NaN,0
0.999999999999998,NaN,0
0.999999999999992,NaN,0
